epoch,acc,loss,val_acc,val_loss
0,0.3420308079454592,1.431047712958335,0.3419811320754717,1.282139870355714
1,0.47154982721082295,1.2289973936977345,0.5176886792452831,1.1992039174403784
