epoch,acc,loss,val_acc,val_loss
0,0.22807017545104524,1.5939374749821829,0.1733490566037736,1.5239854691163548
1,0.37583333333333335,1.3958298031489054,0.24410377358490565,1.449717958018465
