epoch,acc,loss,val_acc,val_loss
0,0.2771944561734614,1.53906617345854,0.31721698113207547,1.2979016821339446
1,0.41458333333333336,1.3244161462783814,0.23820754716981132,1.2791490689763483
